{
  "project_info": {
    "project_number": "219173686472",
    "project_id": "finalsupport-edad5",
    "storage_bucket": "finalsupport-edad5.appspot.com"
  },
  "client": [
    {
      "client_info": {
        "mobilesdk_app_id": "1:219173686472:android:45d4b01597f2487e2229fd",
        "android_client_info": {
          "package_name": "com.example.finalsupport"
        }
      },
      "oauth_client": [],
      "api_key": [
        {
          "current_key": "AIzaSyD9Ao4d9LEuJDmCJyo63ruQzZ8eq5oYpJ4"
        }
      ],
      "services": {
        "appinvite_service": {
          "other_platform_oauth_client": []
        }
      }
    }
  ],
  "configuration_version": "1"
}