{
  "project_info": {
    "project_number": "532135100418",
    "project_id": "my-final-project-5ad56",
    "storage_bucket": "my-final-project-5ad56.appspot.com"
  },
  "client": [
    {
      "client_info": {
        "mobilesdk_app_id": "1:532135100418:android:9bd71fefcff93dfc26671b",
        "android_client_info": {
          "package_name": "com.example.myfinalproject"
        }
      },
      "oauth_client": [
        {
          "client_id": "532135100418-9m34a44n91nv108vrnq94pbea6bpuuli.apps.googleusercontent.com",
          "client_type": 3
        }
      ],
      "api_key": [
        {
          "current_key": "AIzaSyADp5uu7g8uWkDAPbIcnNTS0xa9gE4LHvU"
        }
      ],
      "services": {
        "appinvite_service": {
          "other_platform_oauth_client": [
            {
              "client_id": "532135100418-9m34a44n91nv108vrnq94pbea6bpuuli.apps.googleusercontent.com",
              "client_type": 3
            }
          ]
        }
      }
    }
  ],
  "configuration_version": "1"
}